Workbook

Sheet Leeme
A1: Base de recolección de la encuesta de café de especialidad (Entrega 3b).
A2: Datos: una fila por encuesta. Escriba o elija de la lista desplegable; no cambie los nombres de las columnas.
A3: Fila 2: ejemplo con valores inventados (id EJEMPLO). Puede borrarla; el conteo no la tiene en cuenta.
A4: Diccionario: la pregunta del cuestionario que corresponde a cada columna y sus opciones.
A5: Conteo: avance del trabajo de campo frente a las metas (56 encuestas por grupo de edad y 7 por cafetería y franja). Se actualiza solo.
A6: Cafeterias: identificadores y direcciones de las tiendas de la zona.
A7: Si una persona no acepta participar o es menor de edad, se registra solo el id, la cafetería, la fecha, la franja y la respuesta de consentimiento o edad.
A8: No se escribe ningún dato que identifique a la persona: ni nombre, ni teléfono, ni correo.

Sheet Datos
A1: id_encuesta | B1: id_cafeteria | C1: fecha | D1: franja | E1: encuestador | F1: consentimiento | G1: mayor_18 | H1: p1_motivo | I1: p1_otro | J1: p2_compania | K1: p3_permanencia | L1: p4_cafe | M1: p4_otra_bebida | N1: p4_comida | O1: p4_grano | P1: p5_gasto_hoy | Q1: p6_visitas_mes | R1: p7_visitas_zona | S1: p8_tazas_dia | T1: p9_dap | U1: p10a_calidad | V1: p10b_barista | W1: p10c_ambiente | X1: p10d_wifi | Y1: p10e_espacio | Z1: p10f_tranquilidad | AA1: p10g_precio | AB1: p10h_cercania | AC1: p11_edad | AD1: p12_ocupacion | AE1: p13_estrato | AF1: p14_relacion_zona | AG1: observaciones
A2: EJEMPLO | B2: C08 | C2: 2026-11-03 | D2: Mediodía laboral | E2: SV | F2: Sí | G2: Sí | H2: Disfrutar un buen café | J2: Solo | K2: 30 a 60 min | L2: Sí | M2: No | N2: Sí | O2: No | P2: 23000 | Q2: 6 | R2: 4 | S2: 2 | T2: 16000 | U2: 5 | V2: 4 | W2: 4 | X2: 2 | Y2: 2 | Z2: 4 | AA2: 3 | AB2: 3 | AC2: 30 a 37 | AD2: Empleado | AE2: 4 | AF2: Trabaja o estudia aquí | AG2: Fila de ejemplo: bórrela o déjela, el conteo la ignora

Sheet Conteo
A1: Avance por grupo de edad
A2: Grupo de edad | B2: Rangos | C2: Encuestas | D2: Meta | E2: Faltan
A3: Jóvenes | B3: 18 a 24 y 25 a 29 | C3: =COUNTIFS(Datos!$A$2:$A$600,"<>EJEMPLO",Datos!$F$2:$F$600,"Sí",Datos!$G$2:$G$600,"Sí",Datos!$AC$2:$AC$600,"18 a 24")+COUNTIFS(Datos!$A$2:$A$600,"<>EJEMPLO",Datos!$F$2:$F$600,"Sí",Datos!$G$2:$G$600,"Sí",Datos!$AC$2:$AC$600,"25 a 29") -> 0 | D3: 56 | E3: =MAX(0,D3-C3) -> 56
A4: Adultos | B4: 30 a 37 y 38 a 45 | C4: =COUNTIFS(Datos!$A$2:$A$600,"<>EJEMPLO",Datos!$F$2:$F$600,"Sí",Datos!$G$2:$G$600,"Sí",Datos!$AC$2:$AC$600,"30 a 37")+COUNTIFS(Datos!$A$2:$A$600,"<>EJEMPLO",Datos!$F$2:$F$600,"Sí",Datos!$G$2:$G$600,"Sí",Datos!$AC$2:$AC$600,"38 a 45") -> 0 | D4: 56 | E4: =MAX(0,D4-C4) -> 56
A5: Mayores | B5: 46 a 55 y 56 o más | C5: =COUNTIFS(Datos!$A$2:$A$600,"<>EJEMPLO",Datos!$F$2:$F$600,"Sí",Datos!$G$2:$G$600,"Sí",Datos!$AC$2:$AC$600,"46 a 55")+COUNTIFS(Datos!$A$2:$A$600,"<>EJEMPLO",Datos!$F$2:$F$600,"Sí",Datos!$G$2:$G$600,"Sí",Datos!$AC$2:$AC$600,"56 o más") -> 0 | D5: 56 | E5: =MAX(0,D5-C5) -> 56
A6: Total | C6: =SUM(C3:C5) -> 0 | D6: =SUM(D3:D5) -> 168 | E6: =SUM(E3:E5) -> 168
A7: Encuestas por cafetería y franja (meta: 7 por sesión)
A8: Cafetería | B8: Nombre | C8: Mañana laboral | D8: Mediodía laboral | E8: Tarde laboral | F8: Sábado | G8: Total
A9: C01 | B9: Azahar Café 93 | C9: =COUNTIFS(Datos!$A$2:$A$600,"<>EJEMPLO",Datos!$F$2:$F$600,"Sí",Datos!$G$2:$G$600,"Sí",Datos!$B$2:$B$600,$A9,Datos!$D$2:$D$600,C$8) -> 0 | D9: =COUNTIFS(Datos!$A$2:$A$600,"<>EJEMPLO",Datos!$F$2:$F$600,"Sí",Datos!$G$2:$G$600,"Sí",Datos!$B$2:$B$600,$A9,Datos!$D$2:$D$600,D$8) -> 0 | E9: =COUNTIFS(Datos!$A$2:$A$600,"<>EJEMPLO",Datos!$F$2:$F$600,"Sí",Datos!$G$2:$G$600,"Sí",Datos!$B$2:$B$600,$A9,Datos!$D$2:$D$600,E$8) -> 0 | F9: =COUNTIFS(Datos!$A$2:$A$600,"<>EJEMPLO",Datos!$F$2:$F$600,"Sí",Datos!$G$2:$G$600,"Sí",Datos!$B$2:$B$600,$A9,Datos!$D$2:$D$600,F$8) -> 0 | G9: =SUM(C9:F9) -> 0
A10: C02 | B10: Azahar Café Nogal | C10: =COUNTIFS(Datos!$A$2:$A$600,"<>EJEMPLO",Datos!$F$2:$F$600,"Sí",Datos!$G$2:$G$600,"Sí",Datos!$B$2:$B$600,$A10,Datos!$D$2:$D$600,C$8) -> 0 | D10: =COUNTIFS(Datos!$A$2:$A$600,"<>EJEMPLO",Datos!$F$2:$F$600,"Sí",Datos!$G$2:$G$600,"Sí",Datos!$B$2:$B$600,$A10,Datos!$D$2:$D$600,D$8) -> 0 | E10: =COUNTIFS(Datos!$A$2:$A$600,"<>EJEMPLO",Datos!$F$2:$F$600,"Sí",Datos!$G$2:$G$600,"Sí",Datos!$B$2:$B$600,$A10,Datos!$D$2:$D$600,E$8) -> 0 | F10: =COUNTIFS(Datos!$A$2:$A$600,"<>EJEMPLO",Datos!$F$2:$F$600,"Sí",Datos!$G$2:$G$600,"Sí",Datos!$B$2:$B$600,$A10,Datos!$D$2:$D$600,F$8) -> 0 | G10: =SUM(C10:F10) -> 0
A11: C03 | B11: Café 18 Chicó | C11: =COUNTIFS(Datos!$A$2:$A$600,"<>EJEMPLO",Datos!$F$2:$F$600,"Sí",Datos!$G$2:$G$600,"Sí",Datos!$B$2:$B$600,$A11,Datos!$D$2:$D$600,C$8) -> 0 | D11: =COUNTIFS(Datos!$A$2:$A$600,"<>EJEMPLO",Datos!$F$2:$F$600,"Sí",Datos!$G$2:$G$600,"Sí",Datos!$B$2:$B$600,$A11,Datos!$D$2:$D$600,D$8) -> 0 | E11: =COUNTIFS(Datos!$A$2:$A$600,"<>EJEMPLO",Datos!$F$2:$F$600,"Sí",Datos!$G$2:$G$600,"Sí",Datos!$B$2:$B$600,$A11,Datos!$D$2:$D$600,E$8) -> 0 | F11: =COUNTIFS(Datos!$A$2:$A$600,"<>EJEMPLO",Datos!$F$2:$F$600,"Sí",Datos!$G$2:$G$600,"Sí",Datos!$B$2:$B$600,$A11,Datos!$D$2:$D$600,F$8) -> 0 | G11: =SUM(C11:F11) -> 0
A12: C04 | B12: Café 18 Nogal | C12: =COUNTIFS(Datos!$A$2:$A$600,"<>EJEMPLO",Datos!$F$2:$F$600,"Sí",Datos!$G$2:$G$600,"Sí",Datos!$B$2:$B$600,$A12,Datos!$D$2:$D$600,C$8) -> 0 | D12: =COUNTIFS(Datos!$A$2:$A$600,"<>EJEMPLO",Datos!$F$2:$F$600,"Sí",Datos!$G$2:$G$600,"Sí",Datos!$B$2:$B$600,$A12,Datos!$D$2:$D$600,D$8) -> 0 | E12: =COUNTIFS(Datos!$A$2:$A$600,"<>EJEMPLO",Datos!$F$2:$F$600,"Sí",Datos!$G$2:$G$600,"Sí",Datos!$B$2:$B$600,$A12,Datos!$D$2:$D$600,E$8) -> 0 | F12: =COUNTIFS(Datos!$A$2:$A$600,"<>EJEMPLO",Datos!$F$2:$F$600,"Sí",Datos!$G$2:$G$600,"Sí",Datos!$B$2:$B$600,$A12,Datos!$D$2:$D$600,F$8) -> 0 | G12: =SUM(C12:F12) -> 0
A13: C05 | B13: Colo Coffee Zona T | C13: =COUNTIFS(Datos!$A$2:$A$600,"<>EJEMPLO",Datos!$F$2:$F$600,"Sí",Datos!$G$2:$G$600,"Sí",Datos!$B$2:$B$600,$A13,Datos!$D$2:$D$600,C$8) -> 0 | D13: =COUNTIFS(Datos!$A$2:$A$600,"<>EJEMPLO",Datos!$F$2:$F$600,"Sí",Datos!$G$2:$G$600,"Sí",Datos!$B$2:$B$600,$A13,Datos!$D$2:$D$600,D$8) -> 0 | E13: =COUNTIFS(Datos!$A$2:$A$600,"<>EJEMPLO",Datos!$F$2:$F$600,"Sí",Datos!$G$2:$G$600,"Sí",Datos!$B$2:$B$600,$A13,Datos!$D$2:$D$600,E$8) -> 0 | F13: =COUNTIFS(Datos!$A$2:$A$600,"<>EJEMPLO",Datos!$F$2:$F$600,"Sí",Datos!$G$2:$G$600,"Sí",Datos!$B$2:$B$600,$A13,Datos!$D$2:$D$600,F$8) -> 0 | G13: =SUM(C13:F13) -> 0
A14: C07 | B14: Libertario Coffee Roasters | C14: =COUNTIFS(Datos!$A$2:$A$600,"<>EJEMPLO",Datos!$F$2:$F$600,"Sí",Datos!$G$2:$G$600,"Sí",Datos!$B$2:$B$600,$A14,Datos!$D$2:$D$600,C$8) -> 0 | D14: =COUNTIFS(Datos!$A$2:$A$600,"<>EJEMPLO",Datos!$F$2:$F$600,"Sí",Datos!$G$2:$G$600,"Sí",Datos!$B$2:$B$600,$A14,Datos!$D$2:$D$600,D$8) -> 0 | E14: =COUNTIFS(Datos!$A$2:$A$600,"<>EJEMPLO",Datos!$F$2:$F$600,"Sí",Datos!$G$2:$G$600,"Sí",Datos!$B$2:$B$600,$A14,Datos!$D$2:$D$600,E$8) -> 0 | F14: =COUNTIFS(Datos!$A$2:$A$600,"<>EJEMPLO",Datos!$F$2:$F$600,"Sí",Datos!$G$2:$G$600,"Sí",Datos!$B$2:$B$600,$A14,Datos!$D$2:$D$600,F$8) -> 0 | G14: =SUM(C14:F14) -> 0
A15: C08 | B15: Tropicália Coffee | C15: =COUNTIFS(Datos!$A$2:$A$600,"<>EJEMPLO",Datos!$F$2:$F$600,"Sí",Datos!$G$2:$G$600,"Sí",Datos!$B$2:$B$600,$A15,Datos!$D$2:$D$600,C$8) -> 0 | D15: =COUNTIFS(Datos!$A$2:$A$600,"<>EJEMPLO",Datos!$F$2:$F$600,"Sí",Datos!$G$2:$G$600,"Sí",Datos!$B$2:$B$600,$A15,Datos!$D$2:$D$600,D$8) -> 0 | E15: =COUNTIFS(Datos!$A$2:$A$600,"<>EJEMPLO",Datos!$F$2:$F$600,"Sí",Datos!$G$2:$G$600,"Sí",Datos!$B$2:$B$600,$A15,Datos!$D$2:$D$600,E$8) -> 0 | F15: =COUNTIFS(Datos!$A$2:$A$600,"<>EJEMPLO",Datos!$F$2:$F$600,"Sí",Datos!$G$2:$G$600,"Sí",Datos!$B$2:$B$600,$A15,Datos!$D$2:$D$600,F$8) -> 0 | G15: =SUM(C15:F15) -> 0
A16: C09 | B16: Haba Tonka | C16: =COUNTIFS(Datos!$A$2:$A$600,"<>EJEMPLO",Datos!$F$2:$F$600,"Sí",Datos!$G$2:$G$600,"Sí",Datos!$B$2:$B$600,$A16,Datos!$D$2:$D$600,C$8) -> 0 | D16: =COUNTIFS(Datos!$A$2:$A$600,"<>EJEMPLO",Datos!$F$2:$F$600,"Sí",Datos!$G$2:$G$600,"Sí",Datos!$B$2:$B$600,$A16,Datos!$D$2:$D$600,D$8) -> 0 | E16: =COUNTIFS(Datos!$A$2:$A$600,"<>EJEMPLO",Datos!$F$2:$F$600,"Sí",Datos!$G$2:$G$600,"Sí",Datos!$B$2:$B$600,$A16,Datos!$D$2:$D$600,E$8) -> 0 | F16: =COUNTIFS(Datos!$A$2:$A$600,"<>EJEMPLO",Datos!$F$2:$F$600,"Sí",Datos!$G$2:$G$600,"Sí",Datos!$B$2:$B$600,$A16,Datos!$D$2:$D$600,F$8) -> 0 | G16: =SUM(C16:F16) -> 0
A17: Tasa de respuesta
A18: Personas abordadas | B18: =COUNTIFS(Datos!$A$2:$A$600,"<>EJEMPLO",Datos!$A$2:$A$600,"<>") -> 0
A19: Aceptaron y son mayores de edad | B19: =C6 -> 0
A20: Tasa de respuesta | B20: =IF(B18=0,0,B19/B18) -> 0

Sheet Listas
A1: id_cafeteria | B1: franja | C1: consentimiento | D1: mayor_18 | E1: p1_motivo | F1: p2_compania | G1: p3_permanencia | H1: p4_cafe | I1: p4_otra_bebida | J1: p4_comida | K1: p4_grano | L1: p10a_calidad | M1: p10b_barista | N1: p10c_ambiente | O1: p10d_wifi | P1: p10e_espacio | Q1: p10f_tranquilidad | R1: p10g_precio | S1: p10h_cercania | T1: p11_edad | U1: p12_ocupacion | V1: p13_estrato | W1: p14_relacion_zona
A2: C01 | B2: Mañana laboral | C2: Sí | D2: Sí | E2: Socializar | F2: Solo | G2: Para llevar | H2: Sí | I2: Sí | J2: Sí | K2: Sí | L2: 1 | M2: 1 | N2: 1 | O2: 1 | P2: 1 | Q2: 1 | R2: 1 | S2: 1 | T2: 18 a 24 | U2: Estudiante | V2: 1 | W2: Vive aquí
A3: C02 | B3: Mediodía laboral | C3: No | D3: No | E3: Estudiar o trabajar | F3: Amigos | G3: Menos de 30 min | H3: No | I3: No | J3: No | K3: No | L3: 2 | M3: 2 | N3: 2 | O3: 2 | P3: 2 | Q3: 2 | R3: 2 | S3: 2 | T3: 25 a 29 | U3: Empleado | V3: 2 | W3: Trabaja o estudia aquí
A4: C03 | B4: Tarde laboral | E4: Disfrutar un buen café | F4: Pareja o familia | G4: 30 a 60 min | L4: 3 | M4: 3 | N4: 3 | O4: 3 | P4: 3 | Q4: 3 | R4: 3 | S4: 3 | T4: 30 a 37 | U4: Independiente | V4: 3 | W4: Ambas
A5: C04 | B5: Sábado | E5: De paso o por practicidad | F5: Compañeros de trabajo o estudio | G5: 1 a 2 horas | L5: 4 | M5: 4 | N5: 4 | O5: 4 | P5: 4 | Q5: 4 | R5: 4 | S5: 4 | T5: 38 a 45 | U5: Hogar | V5: 4 | W5: Solo de visita
A6: C05 | E6: Reunión de trabajo | G6: Más de 2 horas | L6: 5 | M6: 5 | N6: 5 | O6: 5 | P6: 5 | Q6: 5 | R6: 5 | S6: 5 | T6: 46 a 55 | U6: Pensionado | V6: 5
A7: C06 | E7: Otro | T7: 56 o más | U7: Otra | V7: 6
A8: C07 | V8: Prefiero no responder
A9: C08
A10: C09

Sheet Diccionario
A1: columna | B1: pregunta del cuestionario | C1: tipo | D1: opciones
A2: id_encuesta | B2: ID de la encuesta (E001, E002, ...) | C2: Texto
A3: id_cafeteria | B3: ID de la cafetería | C3: Lista | D3: C01 · C02 · C03 · C04 · C05 · C06 · C07 · C08 · C09
A4: fecha | B4: Fecha | C4: Fecha (AAAA-MM-DD)
A5: franja | B5: Franja horaria | C5: Lista | D5: Mañana laboral · Mediodía laboral · Tarde laboral · Sábado
A6: encuestador | B6: Iniciales del encuestador | C6: Texto
A7: consentimiento | B7: ¿Acepta participar? | C7: Lista | D7: Sí · No
A8: mayor_18 | B8: ¿Tiene 18 años o más? | C8: Lista | D8: Sí · No
A9: p1_motivo | B9: 1. Motivo principal de la visita | C9: Lista | D9: Socializar · Estudiar o trabajar · Disfrutar un buen café · De paso o por practicidad · Reunión de trabajo · Otro
A10: p1_otro | B10: 1. Otro motivo (cuál) | C10: Texto
A11: p2_compania | B11: 2. ¿Con quién vino? | C11: Lista | D11: Solo · Amigos · Pareja o familia · Compañeros de trabajo o estudio
A12: p3_permanencia | B12: 3. Tiempo que piensa quedarse | C12: Lista | D12: Para llevar · Menos de 30 min · 30 a 60 min · 1 a 2 horas · Más de 2 horas
A13: p4_cafe | B13: 4. Compró bebida de café | C13: Lista | D13: Sí · No
A14: p4_otra_bebida | B14: 4. Compró otra bebida | C14: Lista | D14: Sí · No
A15: p4_comida | B15: 4. Compró comida | C15: Lista | D15: Sí · No
A16: p4_grano | B16: 4. Compró café en grano o molido | C16: Lista | D16: Sí · No
A17: p5_gasto_hoy | B17: 5. Gasto total de la visita (pesos) | C17: Número entero
A18: p6_visitas_mes | B18: 6. Visitas a cafeterías de especialidad en 30 días | C18: Número entero
A19: p7_visitas_zona | B19: 7. De esas, visitas en esta zona | C19: Número entero
A20: p8_tazas_dia | B20: 8. Tazas de café al día | C20: Número
A21: p9_dap | B21: 9. Máximo que pagaría por una taza (pesos) | C21: Número entero
A22: p10a_calidad | B22: 10a. Importancia: Calidad del café (1 a 5) | C22: Escala 1 a 5 | D22: 1 · 2 · 3 · 4 · 5
A23: p10b_barista | B23: 10b. Importancia: Conocimiento y servicio del barista (1 a 5) | C23: Escala 1 a 5 | D23: 1 · 2 · 3 · 4 · 5
A24: p10c_ambiente | B24: 10c. Importancia: Ambiente y estética (1 a 5) | C24: Escala 1 a 5 | D24: 1 · 2 · 3 · 4 · 5
A25: p10d_wifi | B25: 10d. Importancia: WiFi y enchufes (1 a 5) | C25: Escala 1 a 5 | D25: 1 · 2 · 3 · 4 · 5
A26: p10e_espacio | B26: 10e. Importancia: Espacio para quedarse (1 a 5) | C26: Escala 1 a 5 | D26: 1 · 2 · 3 · 4 · 5
A27: p10f_tranquilidad | B27: 10f. Importancia: Tranquilidad (1 a 5) | C27: Escala 1 a 5 | D27: 1 · 2 · 3 · 4 · 5
A28: p10g_precio | B28: 10g. Importancia: Precio (1 a 5) | C28: Escala 1 a 5 | D28: 1 · 2 · 3 · 4 · 5
A29: p10h_cercania | B29: 10h. Importancia: Cercanía a casa o trabajo (1 a 5) | C29: Escala 1 a 5 | D29: 1 · 2 · 3 · 4 · 5
A30: p11_edad | B30: 11. Rango de edad | C30: Lista | D30: 18 a 24 · 25 a 29 · 30 a 37 · 38 a 45 · 46 a 55 · 56 o más
A31: p12_ocupacion | B31: 12. Ocupación principal | C31: Lista | D31: Estudiante · Empleado · Independiente · Hogar · Pensionado · Otra
A32: p13_estrato | B32: 13. Estrato (opcional) | C32: Lista | D32: 1 · 2 · 3 · 4 · 5 · 6 · Prefiero no responder
A33: p14_relacion_zona | B33: 14. Relación con la zona | C33: Lista | D33: Vive aquí · Trabaja o estudia aquí · Ambas · Solo de visita
A34: observaciones | B34: Observaciones del encuestador | C34: Texto

Sheet Cafeterias
A1: id | B1: nombre | C1: direccion | D1: subzona
A2: C01 | B2: Azahar Café 93 | C2: Calle 93B # 13-91 | D2: Parque 93 y Chicó
A3: C02 | B3: Azahar Café Nogal | C3: Carrera 9 # 79A-23 | D3: Zona T y El Nogal
A4: C03 | B4: Café 18 Chicó | C4: Carrera 11B # 96-54 | D4: Parque 93 y Chicó
A5: C04 | B5: Café 18 Nogal | C5: Carrera 9 # 78-31 | D5: Zona T y El Nogal
A6: C05 | B6: Colo Coffee Zona T | C6: Carrera 12A # 83-48 | D6: Zona T y El Nogal
A7: C06 | B7: Colo Coffee para llevar | C7: Carrera 7 # 84A-29 | D7: Zona T y El Nogal
A8: C07 | B8: Libertario Coffee Roasters | C8: Carrera 13 # 85-13 | D8: Zona T y El Nogal
A9: C08 | B9: Tropicália Coffee | C9: Calle 81A # 8-23 | D9: Zona T y El Nogal
A10: C09 | B10: Haba Tonka | C10: Carrera 14 # 77-30 | D10: Zona T y El Nogal
